[
  {
    "displayName": "Ascent",
    "displayIcon": "https://media.valorant-api.com/maps/7eaecc1b-4337-bbf6-6ab9-04b8f06b3319/displayicon.png",
    "mapUrl": "/Game/Maps/Ascent/Ascent",
    "xMultiplier": 7e-05,
    "yMultiplier": -7e-05,
    "xScalarToAdd": 0.813895,
    "yScalarToAdd": 0.573242
  },
  {
    "displayName": "Split",
    "displayIcon": "https://media.valorant-api.com/maps/d960549e-485c-e861-8d71-aa9d1aed12a2/displayicon.png",
    "mapUrl": "/Game/Maps/Bonsai/Bonsai",
    "xMultiplier": 7.8e-05,
    "yMultiplier": -7.8e-05,
    "xScalarToAdd": 0.842188,
    "yScalarToAdd": 0.697578
  },
  {
    "displayName": "Fracture",
    "displayIcon": "https://media.valorant-api.com/maps/b529448b-4d60-346e-e89e-00a4c527a405/displayicon.png",
    "mapUrl": "/Game/Maps/Canyon/Canyon",
    "xMultiplier": 7.8e-05,
    "yMultiplier": -7.8e-05,
    "xScalarToAdd": 0.556952,
    "yScalarToAdd": 1.155886
  },
  {
    "displayName": "Bind",
    "displayIcon": "https://media.valorant-api.com/maps/2c9d57ec-4431-9c5e-2939-8f9ef6dd5cba/displayicon.png",
    "mapUrl": "/Game/Maps/Duality/Duality",
    "xMultiplier": 5.9e-05,
    "yMultiplier": -5.9e-05,
    "xScalarToAdd": 0.576941,
    "yScalarToAdd": 0.967566
  },
  {
    "displayName": "Breeze",
    "displayIcon": "https://media.valorant-api.com/maps/2fb9a4fd-47b8-4e7d-a969-74b4046ebd53/displayicon.png",
    "mapUrl": "/Game/Maps/Foxtrot/Foxtrot",
    "xMultiplier": 7e-05,
    "yMultiplier": -7e-05,
    "xScalarToAdd": 0.465123,
    "yScalarToAdd": 0.833078
  },
  {
    "displayName": "District",
    "displayIcon": "https://media.valorant-api.com/maps/690b3ed2-4dff-945b-8223-6da834e30d24/displayicon.png",
    "mapUrl": "/Game/Maps/HURM/HURM_Alley/HURM_Alley",
    "xMultiplier": 0,
    "yMultiplier": 0,
    "xScalarToAdd": 0,
    "yScalarToAdd": 0
  },
  {
    "displayName": "Kasbah",
    "displayIcon": "https://media.valorant-api.com/maps/12452a9d-48c3-0b02-e7eb-0381c3520404/displayicon.png",
    "mapUrl": "/Game/Maps/HURM/HURM_Bowl/HURM_Bowl",
    "xMultiplier": 0,
    "yMultiplier": 0,
    "xScalarToAdd": 0,
    "yScalarToAdd": 0
  },
  {
    "displayName": "Drift",
    "displayIcon": "https://media.valorant-api.com/maps/2c09d728-42d5-30d8-43dc-96a05cc7ee9d/displayicon.png",
    "mapUrl": "/Game/Maps/HURM/HURM_Helix/HURM_Helix",
    "xMultiplier": 0,
    "yMultiplier": 0,
    "xScalarToAdd": 0,
    "yScalarToAdd": 0
  },
  {
    "displayName": "Piazza",
    "displayIcon": "https://media.valorant-api.com/maps/de28aa9b-4cbe-1003-320e-6cb3ec309557/displayicon.png",
    "mapUrl": "/Game/Maps/HURM/HURM_Yard/HURM_Yard",
    "xMultiplier": 0,
    "yMultiplier": 0,
    "xScalarToAdd": 0,
    "yScalarToAdd": 0
  },
  {
    "displayName": "Abyss",
    "displayIcon": "https://media.valorant-api.com/maps/224b0a95-48b9-f703-1bd8-67aca101a61f/displayicon.png",
    "mapUrl": "/Game/Maps/Infinity/Infinity",
    "xMultiplier": 8.1e-05,
    "yMultiplier": -8.1e-05,
    "xScalarToAdd": 0.5,
    "yScalarToAdd": 0.5
  },
  {
    "displayName": "Lotus",
    "displayIcon": "https://media.valorant-api.com/maps/2fe4ed3a-450a-948b-6d6b-e89a78e680a9/displayicon.png",
    "mapUrl": "/Game/Maps/Jam/Jam",
    "xMultiplier": 7.2e-05,
    "yMultiplier": -7.2e-05,
    "xScalarToAdd": 0.454789,
    "yScalarToAdd": 0.917752
  },
  {
    "displayName": "Sunset",
    "displayIcon": "https://media.valorant-api.com/maps/92584fbe-486a-b1b2-9faa-39b0f486b498/displayicon.png",
    "mapUrl": "/Game/Maps/Juliett/Juliett",
    "xMultiplier": 7.8e-05,
    "yMultiplier": -7.8e-05,
    "xScalarToAdd": 0.5,
    "yScalarToAdd": 0.515625
  },
  {
    "displayName": "Basic Training",
    "displayIcon": null,
    "mapUrl": "/Game/Maps/NPEV2/NPEV2",
    "xMultiplier": 0,
    "yMultiplier": 0,
    "xScalarToAdd": 0,
    "yScalarToAdd": 0
  },
  {
    "displayName": "Pearl",
    "displayIcon": "https://media.valorant-api.com/maps/fd267378-4d1d-484f-ff52-77821ed10dc2/displayicon.png",
    "mapUrl": "/Game/Maps/Pitt/Pitt",
    "xMultiplier": 7.8e-05,
    "yMultiplier": -7.8e-05,
    "xScalarToAdd": 0.480469,
    "yScalarToAdd": 0.916016
  },
  {
    "displayName": "Icebox",
    "displayIcon": "https://media.valorant-api.com/maps/e2ad5c54-4114-a870-9641-8ea21279579a/displayicon.png",
    "mapUrl": "/Game/Maps/Port/Port",
    "xMultiplier": 7.2e-05,
    "yMultiplier": -7.2e-05,
    "xScalarToAdd": 0.460214,
    "yScalarToAdd": 0.304687
  },
  {
    "displayName": "The Range",
    "displayIcon": null,
    "mapUrl": "/Game/Maps/Poveglia/Range",
    "xMultiplier": 0,
    "yMultiplier": 0,
    "xScalarToAdd": 0,
    "yScalarToAdd": 0
  },
  {
    "displayName": "The Range",
    "displayIcon": null,
    "mapUrl": "/Game/Maps/PovegliaV2/RangeV2",
    "xMultiplier": 0,
    "yMultiplier": 0,
    "xScalarToAdd": 0,
    "yScalarToAdd": 0
  },
  {
    "displayName": "Haven",
    "displayIcon": "https://media.valorant-api.com/maps/2bee0dc9-4ffe-519b-1cbd-7fbe763a6047/displayicon.png",
    "mapUrl": "/Game/Maps/Triad/Triad",
    "xMultiplier": 7.5e-05,
    "yMultiplier": -7.5e-05,
    "xScalarToAdd": 1.09345,
    "yScalarToAdd": 0.642728
  }
]